{"stats":{"minecraft:used":{"minecraft:moss_block":1,"minecraft:red_sand":32,"minecraft:iron_shovel":46,"minecraft:diamond_hoe":664,"minecraft:chest":9,"minecraft:shield":105,"minecraft:iron_sword":83,"minecraft:nether_wart":14,"minecraft:rotten_flesh":1,"minecraft:iron_chestplate":2,"minecraft:soul_sand":10,"minecraft:carrot":236,"minecraft:tuff":60,"minecraft:axolotl_bucket":5,"minecraft:waxed_oxidized_copper_grate":13,"minecraft:lava_bucket":123,"minecraft:iron_helmet":1,"minecraft:birch_button":1,"minecraft:bow":1,"minecraft:dark_oak_boat":5,"minecraft:ominous_bottle":1,"minecraft:furnace":21,"minecraft:gray_bed":7,"minecraft:skeleton_skull":1,"minecraft:diorite":45,"minecraft:stone_pickaxe":300,"minecraft:oak_planks":2,"minecraft:blackstone":1,"minecraft:wooden_pickaxe":9,"minecraft:sandstone":16,"minecraft:golden_apple":1,"minecraft:glow_berries":160,"minecraft:dark_oak_trapdoor":8,"minecraft:sand":4,"minecraft:shears":163,"minecraft:lever":9,"minecraft:bread":31,"minecraft:gravel":10,"minecraft:diamond_sword":141,"minecraft:andesite":57,"minecraft:oak_boat":6,"minecraft:bone_meal":156,"minecraft:experience_bottle":3,"minecraft:oak_trapdoor":9,"minecraft:enchanting_table":1,"minecraft:tropical_fish":1,"minecraft:stone_shovel":131,"minecraft:spruce_planks":1,"minecraft:stone_hoe":48,"minecraft:cooked_chicken":4,"minecraft:trial_key":1,"minecraft:brewing_stand":1,"minecraft:torch":77,"minecraft:dirt":145,"minecraft:anvil":1,"minecraft:granite":61,"minecraft:wooden_axe":11,"minecraft:iron_axe":210,"minecraft:basalt":41,"minecraft:diamond_chestplate":1,"minecraft:golden_carrot":19,"minecraft:cooked_beef":4,"minecraft:stone_pressure_plate":1,"minecraft:cobbled_deepslate":365,"minecraft:orange_terracotta":14,"minecraft:enchanted_golden_apple":2,"minecraft:iron_leggings":1,"minecraft:wheat_seeds":3,"minecraft:water_bucket":128,"minecraft:birch_planks":64,"minecraft:glass_bottle":2,"minecraft:cut_sandstone":3,"minecraft:cobblestone_slab":13,"minecraft:terracotta":19,"minecraft:tnt":1,"minecraft:crafting_table":25,"minecraft:white_bed":6,"minecraft:dark_oak_door":6,"minecraft:piston":10,"minecraft:diamond_pickaxe":1522,"minecraft:ominous_trial_key":2,"minecraft:wind_charge":12,"minecraft:iron_pickaxe":488,"minecraft:stone_axe":150,"minecraft:potion":5,"minecraft:cobblestone":384,"minecraft:cooked_porkchop":2,"minecraft:bucket":259,"minecraft:yellow_bed":5,"minecraft:sea_pickle":29,"minecraft:dandelion":21,"minecraft:gray_wool":166,"minecraft:diamond_leggings":1},"minecraft:picked_up":{"minecraft:wooden_axe":2,"minecraft:iron_chestplate":10,"minecraft:wheat":14,"minecraft:redstone_block":4,"minecraft:suspicious_stew":1,"minecraft:diamond_sword":4,"minecraft:potion":9,"minecraft:enchanted_book":1,"minecraft:golden_sword":1,"minecraft:string":58,"minecraft:dark_oak_trapdoor":9,"minecraft:raw_copper":27,"minecraft:cooked_salmon":5,"minecraft:iron_leggings":10,"minecraft:sticky_piston":5,"minecraft:sea_pickle":29,"minecraft:deepslate_tiles":2,"minecraft:diamond_leggings":5,"minecraft:red_sand":35,"minecraft:cobbled_deepslate":507,"minecraft:comparator":9,"minecraft:bucket":2,"minecraft:spruce_planks":14,"minecraft:trial_key":2,"minecraft:cobblestone_slab":27,"minecraft:iron_pickaxe":17,"minecraft:enchanted_golden_apple":1,"minecraft:furnace":34,"minecraft:iron_boots":8,"minecraft:dark_oak_door":10,"minecraft:tipped_arrow":5,"minecraft:golden_helmet":5,"minecraft:oxidized_copper_trapdoor":1,"minecraft:stick":21,"minecraft:big_dripleaf":6,"minecraft:torch":177,"minecraft:spruce_stairs":1,"minecraft:porkchop":24,"minecraft:diorite":105,"minecraft:deepslate_tile_stairs":1,"minecraft:honey_bottle":2,"minecraft:rotten_flesh":13,"minecraft:tropical_fish":1,"minecraft:blaze_rod":18,"minecraft:obsidian":12,"minecraft:snowball":4,"minecraft:cobblestone":2230,"minecraft:birch_log":17,"minecraft:leather_chestplate":5,"minecraft:magma_cream":3,"minecraft:cooked_beef":4,"minecraft:repeater":8,"minecraft:water_bucket":5,"minecraft:andesite":77,"minecraft:dark_oak_boat":10,"minecraft:potato":4,"minecraft:flint":3,"minecraft:tuff":66,"minecraft:lapis_lazuli":127,"minecraft:dirt":182,"minecraft:bone":79,"minecraft:bow":7,"minecraft:wheat_seeds":22,"minecraft:diamond_helmet":2,"minecraft:moss_block":1,"minecraft:oak_planks":396,"minecraft:cooked_porkchop":2,"minecraft:sand":221,"minecraft:dark_oak_log":8,"minecraft:mossy_cobblestone":1,"minecraft:diamond":73,"minecraft:lever":9,"minecraft:waxed_oxidized_copper_grate":13,"minecraft:granite":108,"minecraft:breeze_rod":14,"minecraft:golden_apple":3,"minecraft:emerald":25,"minecraft:bread":32,"minecraft:oak_sapling":1,"minecraft:ominous_trial_key":2,"minecraft:diamond_pickaxe":4,"minecraft:crafting_table":32,"minecraft:ominous_bottle":2,"minecraft:chicken":1,"minecraft:nether_wart":88,"minecraft:clay_ball":17,"minecraft:redstone_lamp":18,"minecraft:brown_mushroom":1,"minecraft:shield":19,"minecraft:wind_charge":21,"minecraft:oak_trapdoor":9,"minecraft:iron_axe":8,"minecraft:flint_and_steel":4,"minecraft:iron_shovel":2,"minecraft:blackstone":2,"minecraft:cyan_carpet":1,"minecraft:beef":99,"minecraft:oak_boat":9,"minecraft:chiseled_tuff":1,"minecraft:sugar_cane":15,"minecraft:chest":7,"minecraft:diamond_hoe":2,"minecraft:piston":13,"minecraft:waxed_oxidized_copper":2,"minecraft:raw_iron":127,"minecraft:sandstone":38,"minecraft:oak_door":1,"minecraft:carrot":315,"minecraft:redstone":46,"minecraft:stone_pressure_plate":4,"minecraft:dark_oak_planks":65,"minecraft:tnt":9,"minecraft:stone_shovel":1,"minecraft:arrow":71,"minecraft:diamond_chestplate":2,"minecraft:decorated_pot":1,"minecraft:nether_bricks":14,"minecraft:deepslate_bricks":4,"minecraft:shears":5,"minecraft:diamond_boots":2,"minecraft:hay_block":77,"minecraft:saddle":2,"minecraft:gold_ingot":23,"minecraft:tuff_bricks":1,"minecraft:glow_berries":319,"minecraft:rail":15,"minecraft:skeleton_skull":2,"minecraft:white_wool":4,"minecraft:basalt":60,"minecraft:golden_carrot":28,"minecraft:cut_sandstone":5,"minecraft:leather":17,"minecraft:filled_map":6,"minecraft:birch_planks":162,"minecraft:yellow_bed":7,"minecraft:gunpowder":15,"minecraft:paper":13,"minecraft:orange_terracotta":16,"minecraft:gray_carpet":1,"minecraft:heart_of_the_sea":1,"minecraft:iron_ingot":68,"minecraft:cooked_chicken":4,"minecraft:stone_pickaxe":15,"minecraft:cobweb":1,"minecraft:iron_ore":64,"minecraft:glass_bottle":5,"minecraft:gray_bed":8,"minecraft:iron_sword":6,"minecraft:soul_sand":28,"minecraft:dark_oak_stairs":1,"minecraft:dandelion":21,"minecraft:raw_iron_block":3,"minecraft:gravel":12,"minecraft:lava_bucket":3,"minecraft:amethyst_shard":13,"minecraft:spruce_sapling":48,"minecraft:soul_torch":10,"minecraft:white_bed":11,"minecraft:gold_ore":37,"minecraft:stone_axe":15,"minecraft:iron_helmet":11,"minecraft:cherry_sapling":18,"minecraft:gray_wool":186,"minecraft:terracotta":29,"minecraft:chiseled_tuff_bricks":3,"minecraft:coal":1028},"minecraft:dropped":{"minecraft:iron_sword":2,"minecraft:porkchop":12,"minecraft:dark_oak_stairs":1,"minecraft:ominous_bottle":1,"minecraft:glass_bottle":3,"minecraft:glow_berries":35,"minecraft:leather":2,"minecraft:rail":3,"minecraft:dirt":6,"minecraft:dark_oak_trapdoor":1,"minecraft:cut_sandstone":1,"minecraft:snowball":4,"minecraft:iron_pickaxe":7,"minecraft:cyan_carpet":1,"minecraft:oak_door":1,"minecraft:stone_axe":2,"minecraft:chiseled_tuff_bricks":3,"minecraft:cobbled_deepslate":6,"minecraft:rotten_flesh":9,"minecraft:oak_planks":2,"minecraft:white_bed":3,"minecraft:carrot":28,"minecraft:leather_chestplate":1,"minecraft:deepslate_tiles":2,"minecraft:basalt":10,"minecraft:chiseled_tuff":1,"minecraft:water_bucket":2,"minecraft:iron_ingot":6,"minecraft:bread":38,"minecraft:wheat_seeds":1,"minecraft:golden_helmet":1,"minecraft:mossy_cobblestone":1,"minecraft:diamond_leggings":3,"minecraft:cobblestone":32,"minecraft:granite":9,"minecraft:spruce_stairs":1,"minecraft:stick":11,"minecraft:torch":1,"minecraft:gray_bed":2,"minecraft:cooked_salmon":5,"minecraft:iron_leggings":1,"minecraft:iron_axe":2,"minecraft:iron_shovel":1,"minecraft:gray_carpet":1,"minecraft:tuff_bricks":1,"minecraft:oak_trapdoor":2,"minecraft:tuff":6,"minecraft:diamond_hoe":1,"minecraft:stone_shovel":1,"minecraft:chicken":1,"minecraft:clay_ball":5,"minecraft:iron_boots":1,"minecraft:shears":3,"minecraft:deepslate_bricks":4,"minecraft:filled_map":2,"minecraft:diamond_sword":3,"minecraft:big_dripleaf":1,"minecraft:shield":4,"minecraft:trial_key":1,"minecraft:iron_chestplate":3,"minecraft:oak_sapling":1,"minecraft:oxidized_copper_trapdoor":1,"minecraft:red_sand":3,"minecraft:bow":1,"minecraft:stone_pickaxe":3,"minecraft:terracotta":10},"minecraft:killed":{"minecraft:witch":1,"minecraft:spider":2,"minecraft:skeleton":9,"minecraft:magma_cube":44,"minecraft:pig":6,"minecraft:creeper":1,"minecraft:zombie":13,"minecraft:cow":7,"minecraft:blaze":14,"minecraft:armadillo":2,"minecraft:bogged":9,"minecraft:drowned":3,"minecraft:bat":2,"minecraft:breeze":8,"minecraft:wither_skeleton":6},"minecraft:custom":{"minecraft:interact_with_crafting_table":133,"minecraft:open_barrel":3,"minecraft:leave_game":20,"minecraft:time_since_death":105267,"minecraft:damage_resisted":184,"minecraft:sprint_one_cm":1269563,"minecraft:damage_blocked_by_shield":5390,"minecraft:drop":128,"minecraft:play_time":703684,"minecraft:deaths":37,"minecraft:jump":10744,"minecraft:interact_with_brewingstand":10,"minecraft:walk_on_water_one_cm":134025,"minecraft:enchant_item":8,"minecraft:interact_with_furnace":127,"minecraft:sleep_in_bed":32,"minecraft:damage_dealt":18770,"minecraft:player_kills":7,"minecraft:crouch_one_cm":513613,"minecraft:inspect_dispenser":4,"minecraft:interact_with_anvil":11,"minecraft:mob_kills":133,"minecraft:climb_one_cm":20576,"minecraft:walk_one_cm":759820,"minecraft:sneak_time":143256,"minecraft:walk_under_water_one_cm":77505,"minecraft:boat_one_cm":462254,"minecraft:total_world_time":555001,"minecraft:time_since_rest":59942,"minecraft:damage_taken":16013,"minecraft:damage_absorbed":196,"minecraft:swim_one_cm":345241,"minecraft:fly_one_cm":1596012,"minecraft:open_chest":295,"minecraft:fall_one_cm":280092},"minecraft:mined":{"minecraft:dark_oak_planks":20,"minecraft:spruce_planks":13,"minecraft:stone_pressure_plate":4,"minecraft:white_bed":5,"minecraft:sculk_vein":19,"minecraft:obsidian":8,"minecraft:cave_vines_plant":20,"minecraft:granite":56,"minecraft:red_sand":8,"minecraft:grass_block":137,"minecraft:deepslate_tile_stairs":1,"minecraft:chiseled_tuff_bricks":3,"minecraft:nether_wart":20,"minecraft:tuff_bricks":9,"minecraft:spawner":1,"minecraft:tall_seagrass":1,"minecraft:raw_iron_block":3,"minecraft:sculk_catalyst":1,"minecraft:dark_oak_trapdoor":9,"minecraft:iron_ore":89,"minecraft:cobbled_deepslate":65,"minecraft:sticky_piston":5,"minecraft:fire":28,"minecraft:polished_tuff":1,"minecraft:deepslate_lapis_ore":2,"minecraft:dark_oak_stairs":1,"minecraft:sculk_shrieker":28,"minecraft:cave_vines":21,"minecraft:piston_head":4,"minecraft:deepslate_redstone_ore":5,"minecraft:cut_sandstone":8,"minecraft:brown_mushroom":2,"minecraft:blackstone":1,"minecraft:soul_fire":1,"minecraft:orange_terracotta":3,"minecraft:powder_snow":6,"minecraft:clay":4,"minecraft:chest":6,"minecraft:cobblestone":196,"minecraft:oak_planks":156,"minecraft:sugar_cane":5,"minecraft:wall_torch":3,"minecraft:skeleton_skull":2,"minecraft:seagrass":1,"minecraft:repeater":8,"minecraft:dark_oak_door":2,"minecraft:light_gray_stained_glass":1,"minecraft:birch_log":17,"minecraft:wheat":15,"minecraft:beetroots":4,"minecraft:waxed_oxidized_copper":3,"minecraft:sand":41,"minecraft:birch_button":1,"minecraft:dirt":35,"minecraft:piston":6,"minecraft:deepslate":417,"minecraft:oak_leaves":10,"minecraft:redstone_lamp":19,"minecraft:diamond_ore":11,"minecraft:tuff":72,"minecraft:mossy_cobblestone":1,"minecraft:deepslate_diamond_ore":40,"minecraft:dark_oak_log":8,"minecraft:lever":9,"minecraft:nether_bricks":16,"minecraft:decorated_pot":5,"minecraft:redstone_wire":1,"minecraft:spruce_leaves":262,"minecraft:moss_block":3,"minecraft:sandstone":18,"minecraft:hay_block":15,"minecraft:redstone_ore":3,"minecraft:oak_trapdoor":7,"minecraft:furnace":18,"minecraft:carrots":84,"minecraft:andesite":43,"minecraft:oxidized_copper_trapdoor":1,"minecraft:big_dripleaf_stem":1,"minecraft:chiseled_tuff":1,"minecraft:polished_deepslate":1,"minecraft:potatoes":3,"minecraft:cobblestone_slab":15,"minecraft:deepslate_iron_ore":98,"minecraft:vine":2,"minecraft:stone":646,"minecraft:redstone_block":2,"minecraft:glass_pane":1,"minecraft:comparator":9,"minecraft:soul_sand":11,"minecraft:snow_block":1,"minecraft:basalt":44,"minecraft:dandelion":19,"minecraft:crafting_table":21,"minecraft:short_grass":17,"minecraft:sculk_sensor":64,"minecraft:copper_ore":4,"minecraft:lapis_ore":5,"minecraft:sculk":166,"minecraft:diorite":30,"minecraft:big_dripleaf":2,"minecraft:spruce_stairs":1,"minecraft:gray_wool":189,"minecraft:birch_planks":4,"minecraft:red_terracotta":2,"minecraft:sea_pickle":10,"minecraft:waxed_oxidized_copper_grate":15,"minecraft:gray_bed":6,"minecraft:yellow_bed":4,"minecraft:coal_ore":207,"minecraft:cherry_leaves":125,"minecraft:gravel":12,"minecraft:cobweb":21,"minecraft:terracotta":29,"minecraft:gold_ore":22,"minecraft:iron_trapdoor":1},"minecraft:killed_by":{"minecraft:wither_skeleton":9,"minecraft:creeper":2,"minecraft:magma_cube":2,"minecraft:blaze":5,"minecraft:zombie":2,"minecraft:player":3,"minecraft:spider":2,"minecraft:skeleton":3},"minecraft:crafted":{"minecraft:cobblestone_slab":12,"minecraft:dark_oak_boat":2,"minecraft:blaze_powder":2,"minecraft:lever":2,"minecraft:dark_oak_door":3,"minecraft:diamond_helmet":1,"minecraft:iron_boots":2,"minecraft:chest":4,"minecraft:birch_button":1,"minecraft:stone_hoe":1,"minecraft:gray_bed":3,"minecraft:crafting_table":6,"minecraft:wooden_pickaxe":1,"minecraft:iron_helmet":2,"minecraft:brewing_stand":1,"minecraft:birch_planks":68,"minecraft:iron_chestplate":3,"minecraft:diamond_pickaxe":2,"minecraft:shield":7,"minecraft:stick":80,"minecraft:iron_ingot":195,"minecraft:iron_pickaxe":3,"minecraft:iron_block":3,"minecraft:gold_ingot":13,"minecraft:shears":4,"minecraft:raw_iron":27,"minecraft:stone_shovel":1,"minecraft:furnace":10,"minecraft:piston":2,"minecraft:bone_meal":156,"minecraft:oak_trapdoor":4,"minecraft:flint_and_steel":1,"minecraft:iron_axe":3,"minecraft:stone_pickaxe":5,"minecraft:diamond_boots":1,"minecraft:dark_oak_planks":32,"minecraft:golden_helmet":2,"minecraft:wheat":225,"minecraft:diamond_sword":2,"minecraft:enchanting_table":1,"minecraft:iron_sword":4,"minecraft:bucket":3,"minecraft:stone_axe":4,"minecraft:air":0,"minecraft:bread":76,"minecraft:oak_boat":1,"minecraft:white_wool":3,"minecraft:wooden_axe":1,"minecraft:iron_shovel":2,"minecraft:iron_leggings":2,"minecraft:anvil":1,"minecraft:white_bed":1,"minecraft:torch":80,"minecraft:diamond_chestplate":1},"minecraft:broken":{"minecraft:stone_pickaxe":2,"minecraft:stone_axe":1,"minecraft:stone_shovel":1,"minecraft:leather_chestplate":1,"minecraft:iron_pickaxe":1}},"DataVersion":3953}