{"stats":{"minecraft:used":{"minecraft:wooden_axe":2,"minecraft:wooden_pickaxe":1,"minecraft:dirt":38,"minecraft:sand":1,"minecraft:carrot":14,"minecraft:dandelion":4,"minecraft:bone_meal":6,"minecraft:dark_oak_door":4},"minecraft:killed_by":{"minecraft:player":7,"minecraft:skeleton":1,"minecraft:creeper":1,"minecraft:guardian":1},"minecraft:mined":{"minecraft:carrots":6,"minecraft:dandelion":3,"minecraft:grass":1,"minecraft:grass_block":4,"minecraft:dirt":20,"minecraft:sand":1},"minecraft:picked_up":{"minecraft:dark_oak_door":3,"minecraft:dandelion":5,"minecraft:wooden_pickaxe":2,"minecraft:sand":1,"minecraft:carrot":17,"minecraft:dirt":65,"minecraft:stone_axe":1,"minecraft:cobblestone":1},"minecraft:crafted":{"minecraft:bone_meal":6},"minecraft:dropped":{"minecraft:cobblestone":1,"minecraft:wooden_pickaxe":1},"minecraft:custom":{"minecraft:time_since_rest":2730,"minecraft:sprint_one_cm":43652,"minecraft:damage_taken":3063,"minecraft:walk_one_cm":22009,"minecraft:drop":2,"minecraft:damage_dealt":949,"minecraft:swim_one_cm":91071,"minecraft:interact_with_crafting_table":1,"minecraft:fly_one_cm":101809,"minecraft:player_kills":3,"minecraft:open_chest":10,"minecraft:crouch_one_cm":50,"minecraft:play_one_minute":25417,"minecraft:deaths":10,"minecraft:sneak_time":289,"minecraft:walk_under_water_one_cm":12297,"minecraft:boat_one_cm":85096,"minecraft:jump":671,"minecraft:leave_game":6,"minecraft:walk_on_water_one_cm":7212,"minecraft:time_since_death":2683,"minecraft:fall_one_cm":19494}},"DataVersion":2586}