{"stats":{"minecraft:used":{"minecraft:wooden_axe":2,"minecraft:white_tulip":1,"minecraft:iron_axe":26,"minecraft:baked_potato":1,"minecraft:leather_chestplate":1,"minecraft:wooden_pickaxe":14,"minecraft:lilac":1,"minecraft:crafting_table":1,"minecraft:dirt":53,"minecraft:sand":1,"minecraft:carrot":27,"minecraft:kelp":17,"minecraft:dandelion":4,"minecraft:bone_meal":6,"minecraft:dark_oak_door":4},"minecraft:picked_up":{"minecraft:dark_oak_door":3,"minecraft:leather_chestplate":1,"minecraft:lilac":1,"minecraft:dandelion":5,"minecraft:wooden_pickaxe":2,"minecraft:sand":1,"minecraft:oak_log":22,"minecraft:ink_sac":1,"minecraft:white_bed":1,"minecraft:carrot":34,"minecraft:dirt":65,"minecraft:iron_axe":1,"minecraft:kelp":66,"minecraft:stone_axe":1,"minecraft:white_tulip":1,"minecraft:mutton":1,"minecraft:white_wool":1,"minecraft:cobblestone":13,"minecraft:egg":1},"minecraft:dropped":{"minecraft:ink_sac":1,"minecraft:cobblestone":1,"minecraft:wooden_pickaxe":2,"minecraft:carrot":1},"minecraft:killed":{"minecraft:sheep":1},"minecraft:custom":{"minecraft:time_since_rest":4911,"minecraft:interact_with_furnace":7,"minecraft:sprint_one_cm":67053,"minecraft:damage_taken":3980,"minecraft:walk_one_cm":58237,"minecraft:mob_kills":2,"minecraft:drop":5,"minecraft:damage_dealt":1062,"minecraft:swim_one_cm":143940,"minecraft:interact_with_crafting_table":3,"minecraft:fly_one_cm":150875,"minecraft:player_kills":3,"minecraft:open_chest":18,"minecraft:crouch_one_cm":1131,"minecraft:play_time":42179,"minecraft:deaths":12,"minecraft:sneak_time":802,"minecraft:walk_under_water_one_cm":20983,"minecraft:boat_one_cm":85096,"minecraft:jump":1066,"minecraft:leave_game":6,"minecraft:walk_on_water_one_cm":10676,"minecraft:time_since_death":9096,"minecraft:sleep_in_bed":5,"minecraft:total_world_time":16762,"minecraft:fall_one_cm":35342},"minecraft:mined":{"minecraft:seagrass":5,"minecraft:tall_seagrass":31,"minecraft:white_bed":1,"minecraft:carrots":12,"minecraft:kelp_plant":8,"minecraft:lilac":1,"minecraft:dandelion":3,"minecraft:short_grass":5,"minecraft:grass_block":4,"minecraft:oak_log":22,"minecraft:dirt":20,"minecraft:sand":1,"minecraft:stone":12,"minecraft:white_tulip":1,"minecraft:kelp":7,"minecraft:oak_leaves":7},"minecraft:killed_by":{"minecraft:player":7,"minecraft:skeleton":1,"minecraft:creeper":1,"minecraft:guardian":1},"minecraft:crafted":{"minecraft:oak_planks":88,"minecraft:crafting_table":1,"minecraft:stick":16,"minecraft:wooden_pickaxe":1,"minecraft:baked_potato":1,"minecraft:stone_pickaxe":1,"minecraft:bone_meal":6,"minecraft:air":0}},"DataVersion":3953}