{"stats":{"minecraft:used":{"minecraft:stone_sword":29,"minecraft:white_tulip":1,"minecraft:stone_pickaxe":7,"minecraft:baked_potato":1,"minecraft:oak_planks":22,"minecraft:wooden_pickaxe":14,"minecraft:leather_chestplate":3,"minecraft:dirt":54,"minecraft:sand":1,"minecraft:mutton":13,"minecraft:crafting_table":1,"minecraft:carrot":30,"minecraft:white_bed":2,"minecraft:dark_oak_door":4,"minecraft:wooden_axe":2,"minecraft:apple":1,"minecraft:oxeye_daisy":1,"minecraft:wind_charge":3,"minecraft:iron_axe":36,"minecraft:lilac":1,"minecraft:light_gray_wool":1,"minecraft:cobblestone":7,"minecraft:oak_sapling":4,"minecraft:egg":4,"minecraft:kelp":17,"minecraft:dandelion":4,"minecraft:bone_meal":6},"minecraft:picked_up":{"minecraft:crafting_table":3,"minecraft:leather_chestplate":3,"minecraft:feather":1,"minecraft:lilac":1,"minecraft:wooden_pickaxe":2,"minecraft:red_mushroom":1,"minecraft:oak_log":26,"minecraft:waxed_copper_block":1,"minecraft:wind_charge":5,"minecraft:dirt":66,"minecraft:iron_axe":2,"minecraft:bone":4,"minecraft:apple":1,"minecraft:kelp":66,"minecraft:bow":1,"minecraft:stone_pickaxe":2,"minecraft:white_tulip":1,"minecraft:light_gray_wool":1,"minecraft:oak_planks":124,"minecraft:egg":5,"minecraft:dark_oak_door":3,"minecraft:tipped_arrow":3,"minecraft:stick":22,"minecraft:dandelion":5,"minecraft:sand":1,"minecraft:ink_sac":1,"minecraft:white_bed":4,"minecraft:carrot":37,"minecraft:stone_sword":2,"minecraft:arrow":1,"minecraft:stone_axe":1,"minecraft:breeze_rod":2,"minecraft:tuff_bricks":1,"minecraft:oak_sapling":5,"minecraft:mutton":21,"minecraft:white_wool":8,"minecraft:cobblestone":19,"minecraft:oxeye_daisy":1},"minecraft:dropped":{"minecraft:feather":1,"minecraft:cobblestone":1,"minecraft:carrot":1,"minecraft:ink_sac":1,"minecraft:wooden_pickaxe":2},"minecraft:killed":{"minecraft:bogged":1,"minecraft:sheep":9,"minecraft:skeleton":2,"minecraft:breeze":1},"minecraft:custom":{"minecraft:interact_with_furnace":7,"minecraft:mob_kills":14,"minecraft:interact_with_crafting_table":3,"minecraft:leave_game":6,"minecraft:time_since_death":80,"minecraft:climb_one_cm":1732,"minecraft:sleep_in_bed":8,"minecraft:time_since_rest":106,"minecraft:sprint_one_cm":151890,"minecraft:damage_taken":5149,"minecraft:walk_one_cm":97951,"minecraft:drop":6,"minecraft:damage_dealt":2446,"minecraft:swim_one_cm":149872,"minecraft:fly_one_cm":273714,"minecraft:player_kills":3,"minecraft:open_chest":18,"minecraft:crouch_one_cm":1594,"minecraft:play_time":60179,"minecraft:deaths":15,"minecraft:sneak_time":1002,"minecraft:walk_under_water_one_cm":30597,"minecraft:boat_one_cm":85096,"minecraft:jump":1746,"minecraft:walk_on_water_one_cm":13728,"minecraft:total_world_time":34762,"minecraft:fall_one_cm":60488},"minecraft:mined":{"minecraft:white_bed":1,"minecraft:kelp_plant":8,"minecraft:dandelion":3,"minecraft:crafting_table":1,"minecraft:short_grass":7,"minecraft:grass_block":5,"minecraft:oak_planks":2,"minecraft:kelp":7,"minecraft:oxeye_daisy":1,"minecraft:seagrass":5,"minecraft:tall_seagrass":31,"minecraft:carrots":12,"minecraft:lilac":1,"minecraft:oak_log":26,"minecraft:sand":1,"minecraft:dirt":20,"minecraft:white_tulip":1,"minecraft:stone":18,"minecraft:oak_leaves":8},"minecraft:killed_by":{"minecraft:player":7,"minecraft:skeleton":2,"minecraft:creeper":1,"minecraft:guardian":1,"minecraft:breeze":1},"minecraft:crafted":{"minecraft:oak_planks":104,"minecraft:crafting_table":1,"minecraft:wooden_pickaxe":1,"minecraft:baked_potato":1,"minecraft:bone_meal":6,"minecraft:air":0,"minecraft:stick":16,"minecraft:stone_pickaxe":1,"minecraft:stone_sword":1},"minecraft:broken":{"minecraft:iron_axe":1}},"DataVersion":3953}