{"stats":{"minecraft:used":{"minecraft:wooden_axe":2,"minecraft:wooden_pickaxe":1,"minecraft:dirt":38,"minecraft:sand":1,"minecraft:carrot":15,"minecraft:dandelion":4,"minecraft:bone_meal":6,"minecraft:dark_oak_door":4},"minecraft:picked_up":{"minecraft:dark_oak_door":3,"minecraft:dandelion":5,"minecraft:wooden_pickaxe":2,"minecraft:sand":1,"minecraft:carrot":18,"minecraft:dirt":65,"minecraft:stone_axe":1,"minecraft:mutton":1,"minecraft:white_wool":1,"minecraft:cobblestone":1},"minecraft:dropped":{"minecraft:cobblestone":1,"minecraft:wooden_pickaxe":1},"minecraft:killed":{"minecraft:sheep":1},"minecraft:custom":{"minecraft:time_since_rest":7492,"minecraft:sprint_one_cm":47537,"minecraft:damage_taken":3183,"minecraft:walk_one_cm":32539,"minecraft:mob_kills":1,"minecraft:drop":2,"minecraft:damage_dealt":1029,"minecraft:swim_one_cm":91071,"minecraft:interact_with_crafting_table":1,"minecraft:fly_one_cm":111911,"minecraft:player_kills":3,"minecraft:open_chest":15,"minecraft:crouch_one_cm":50,"minecraft:play_time":30179,"minecraft:deaths":10,"minecraft:sneak_time":291,"minecraft:walk_under_water_one_cm":12297,"minecraft:boat_one_cm":85096,"minecraft:jump":772,"minecraft:leave_game":6,"minecraft:walk_on_water_one_cm":7295,"minecraft:time_since_death":7445,"minecraft:total_world_time":4762,"minecraft:fall_one_cm":23013},"minecraft:mined":{"minecraft:carrots":7,"minecraft:dandelion":3,"minecraft:short_grass":2,"minecraft:grass_block":4,"minecraft:dirt":20,"minecraft:sand":1},"minecraft:crafted":{"minecraft:bone_meal":6},"minecraft:killed_by":{"minecraft:player":7,"minecraft:skeleton":1,"minecraft:creeper":1,"minecraft:guardian":1}},"DataVersion":3953}