{"stats":{"minecraft:used":{"minecraft:cooked_mutton":1,"minecraft:stone_sword":39,"minecraft:white_tulip":3,"minecraft:stone_pickaxe":71,"minecraft:baked_potato":1,"minecraft:oak_planks":25,"minecraft:wooden_pickaxe":14,"minecraft:leather_chestplate":3,"minecraft:rotten_flesh":1,"minecraft:dirt":56,"minecraft:sand":1,"minecraft:mutton":17,"minecraft:crafting_table":4,"minecraft:carrot":30,"minecraft:white_bed":4,"minecraft:dark_oak_door":4,"minecraft:wooden_axe":2,"minecraft:lava_bucket":27,"minecraft:cornflower":1,"minecraft:apple":1,"minecraft:oxeye_daisy":1,"minecraft:wind_charge":3,"minecraft:iron_axe":36,"minecraft:chicken":3,"minecraft:lilac":1,"minecraft:stone_axe":34,"minecraft:light_gray_wool":1,"minecraft:cobblestone":9,"minecraft:oak_sapling":9,"minecraft:cooked_porkchop":3,"minecraft:bucket":28,"minecraft:egg":6,"minecraft:cobbled_deepslate":15,"minecraft:gray_wool":1,"minecraft:kelp":17,"minecraft:dandelion":4,"minecraft:bone_meal":6},"minecraft:picked_up":{"minecraft:crafting_table":8,"minecraft:leather_chestplate":3,"minecraft:cooked_beef":3,"minecraft:feather":6,"minecraft:lilac":1,"minecraft:chicken":3,"minecraft:wooden_pickaxe":2,"minecraft:red_mushroom":3,"minecraft:oak_log":26,"minecraft:waxed_copper_block":1,"minecraft:wind_charge":5,"minecraft:cornflower":1,"minecraft:dirt":68,"minecraft:iron_axe":2,"minecraft:cooked_mutton":7,"minecraft:bone":34,"minecraft:apple":1,"minecraft:kelp":66,"minecraft:bow":8,"minecraft:wheat_seeds":5,"minecraft:cobbled_deepslate":20,"minecraft:iron_ingot":4,"minecraft:trial_key":4,"minecraft:stone_pickaxe":6,"minecraft:white_tulip":4,"minecraft:light_gray_wool":1,"minecraft:oak_planks":368,"minecraft:egg":7,"minecraft:dark_oak_door":3,"minecraft:raw_iron":9,"minecraft:tipped_arrow":3,"minecraft:stick":35,"minecraft:cooked_porkchop":15,"minecraft:dandelion":5,"minecraft:sand":1,"minecraft:ink_sac":1,"minecraft:white_bed":9,"minecraft:carrot":37,"minecraft:spider_eye":1,"minecraft:stone_sword":4,"minecraft:arrow":4,"minecraft:rotten_flesh":1,"minecraft:stone_axe":3,"minecraft:breeze_rod":10,"minecraft:black_wool":1,"minecraft:gray_wool":1,"minecraft:tuff_bricks":1,"minecraft:oak_sapling":20,"minecraft:mutton":25,"minecraft:coal":75,"minecraft:white_wool":17,"minecraft:cobblestone":114,"minecraft:oxeye_daisy":1},"minecraft:dropped":{"minecraft:iron_ingot":1,"minecraft:wheat_seeds":5,"minecraft:cooked_porkchop":1,"minecraft:feather":6,"minecraft:cobblestone":1,"minecraft:carrot":1,"minecraft:ink_sac":1,"minecraft:spider_eye":1,"minecraft:wooden_pickaxe":2},"minecraft:killed":{"minecraft:pig":4,"minecraft:bogged":1,"minecraft:sheep":16,"minecraft:skeleton":3,"minecraft:chicken":3,"minecraft:breeze":1,"minecraft:cow":1},"minecraft:custom":{"minecraft:interact_with_furnace":7,"minecraft:mob_kills":32,"minecraft:interact_with_crafting_table":7,"minecraft:leave_game":6,"minecraft:time_since_death":10107,"minecraft:climb_one_cm":2552,"minecraft:sleep_in_bed":10,"minecraft:time_since_rest":10132,"minecraft:sprint_one_cm":241380,"minecraft:damage_taken":6275,"minecraft:walk_one_cm":145981,"minecraft:drop":15,"minecraft:damage_dealt":3288,"minecraft:swim_one_cm":152267,"minecraft:fly_one_cm":429067,"minecraft:player_kills":3,"minecraft:open_chest":23,"minecraft:crouch_one_cm":1930,"minecraft:play_time":84179,"minecraft:deaths":18,"minecraft:sneak_time":1153,"minecraft:walk_under_water_one_cm":34002,"minecraft:boat_one_cm":85096,"minecraft:jump":2676,"minecraft:walk_on_water_one_cm":16098,"minecraft:total_world_time":58762,"minecraft:fall_one_cm":79862},"minecraft:mined":{"minecraft:white_bed":4,"minecraft:kelp_plant":8,"minecraft:dandelion":3,"minecraft:crafting_table":5,"minecraft:short_grass":32,"minecraft:grass_block":7,"minecraft:tall_grass":2,"minecraft:oak_planks":4,"minecraft:kelp":7,"minecraft:oxeye_daisy":1,"minecraft:seagrass":5,"minecraft:tall_seagrass":31,"minecraft:carrots":12,"minecraft:iron_ore":3,"minecraft:lilac":1,"minecraft:coal_ore":25,"minecraft:oak_log":26,"minecraft:vine":1,"minecraft:sand":1,"minecraft:dirt":20,"minecraft:white_tulip":1,"minecraft:stone":53,"minecraft:oak_leaves":9},"minecraft:killed_by":{"minecraft:player":9,"minecraft:skeleton":2,"minecraft:creeper":2,"minecraft:guardian":1,"minecraft:breeze":1},"minecraft:crafted":{"minecraft:oak_planks":104,"minecraft:crafting_table":2,"minecraft:wooden_pickaxe":1,"minecraft:baked_potato":1,"minecraft:bucket":1,"minecraft:bone_meal":6,"minecraft:stone_axe":1,"minecraft:air":0,"minecraft:stick":20,"minecraft:stone_pickaxe":1,"minecraft:stone_sword":2},"minecraft:broken":{"minecraft:iron_axe":1}},"DataVersion":3953}