{"stats":{"minecraft:used":{"minecraft:stone_sword":38,"minecraft:white_tulip":1,"minecraft:stone_pickaxe":68,"minecraft:baked_potato":1,"minecraft:oak_planks":25,"minecraft:wooden_pickaxe":14,"minecraft:leather_chestplate":3,"minecraft:dirt":54,"minecraft:sand":1,"minecraft:mutton":17,"minecraft:crafting_table":2,"minecraft:carrot":30,"minecraft:white_bed":4,"minecraft:dark_oak_door":4,"minecraft:wooden_axe":2,"minecraft:apple":1,"minecraft:oxeye_daisy":1,"minecraft:wind_charge":3,"minecraft:iron_axe":36,"minecraft:chicken":3,"minecraft:lilac":1,"minecraft:stone_axe":3,"minecraft:light_gray_wool":1,"minecraft:cobblestone":7,"minecraft:oak_sapling":4,"minecraft:egg":5,"minecraft:cobbled_deepslate":15,"minecraft:gray_wool":1,"minecraft:kelp":17,"minecraft:dandelion":4,"minecraft:bone_meal":6},"minecraft:picked_up":{"minecraft:crafting_table":4,"minecraft:leather_chestplate":3,"minecraft:feather":6,"minecraft:lilac":1,"minecraft:chicken":3,"minecraft:wooden_pickaxe":2,"minecraft:red_mushroom":3,"minecraft:oak_log":26,"minecraft:waxed_copper_block":1,"minecraft:wind_charge":5,"minecraft:dirt":66,"minecraft:iron_axe":2,"minecraft:bone":14,"minecraft:apple":1,"minecraft:kelp":66,"minecraft:bow":4,"minecraft:cobbled_deepslate":20,"minecraft:trial_key":2,"minecraft:stone_pickaxe":4,"minecraft:white_tulip":2,"minecraft:light_gray_wool":1,"minecraft:oak_planks":254,"minecraft:egg":6,"minecraft:dark_oak_door":3,"minecraft:raw_iron":3,"minecraft:tipped_arrow":3,"minecraft:stick":25,"minecraft:dandelion":5,"minecraft:sand":1,"minecraft:ink_sac":1,"minecraft:white_bed":7,"minecraft:carrot":37,"minecraft:spider_eye":1,"minecraft:stone_sword":2,"minecraft:arrow":2,"minecraft:stone_axe":1,"minecraft:breeze_rod":6,"minecraft:gray_wool":1,"minecraft:tuff_bricks":1,"minecraft:oak_sapling":10,"minecraft:mutton":25,"minecraft:coal":22,"minecraft:white_wool":10,"minecraft:cobblestone":52,"minecraft:oxeye_daisy":1},"minecraft:dropped":{"minecraft:feather":6,"minecraft:cobblestone":1,"minecraft:carrot":1,"minecraft:ink_sac":1,"minecraft:spider_eye":1,"minecraft:wooden_pickaxe":2},"minecraft:killed":{"minecraft:bogged":1,"minecraft:sheep":12,"minecraft:skeleton":3,"minecraft:chicken":3,"minecraft:breeze":1},"minecraft:custom":{"minecraft:interact_with_furnace":7,"minecraft:mob_kills":21,"minecraft:interact_with_crafting_table":4,"minecraft:leave_game":6,"minecraft:time_since_death":11027,"minecraft:climb_one_cm":1744,"minecraft:sleep_in_bed":10,"minecraft:time_since_rest":634,"minecraft:sprint_one_cm":195774,"minecraft:damage_taken":5589,"minecraft:walk_one_cm":119780,"minecraft:drop":8,"minecraft:damage_dealt":3028,"minecraft:swim_one_cm":150656,"minecraft:fly_one_cm":339320,"minecraft:player_kills":3,"minecraft:open_chest":23,"minecraft:crouch_one_cm":1929,"minecraft:play_time":72179,"minecraft:deaths":16,"minecraft:sneak_time":1111,"minecraft:walk_under_water_one_cm":30818,"minecraft:boat_one_cm":85096,"minecraft:jump":2199,"minecraft:walk_on_water_one_cm":13819,"minecraft:total_world_time":46762,"minecraft:fall_one_cm":69137},"minecraft:mined":{"minecraft:white_bed":4,"minecraft:kelp_plant":8,"minecraft:dandelion":3,"minecraft:crafting_table":2,"minecraft:short_grass":7,"minecraft:grass_block":5,"minecraft:oak_planks":4,"minecraft:kelp":7,"minecraft:oxeye_daisy":1,"minecraft:seagrass":5,"minecraft:tall_seagrass":31,"minecraft:carrots":12,"minecraft:iron_ore":3,"minecraft:lilac":1,"minecraft:coal_ore":22,"minecraft:oak_log":26,"minecraft:vine":1,"minecraft:sand":1,"minecraft:dirt":20,"minecraft:white_tulip":1,"minecraft:stone":53,"minecraft:oak_leaves":9},"minecraft:killed_by":{"minecraft:player":8,"minecraft:skeleton":2,"minecraft:creeper":1,"minecraft:guardian":1,"minecraft:breeze":1},"minecraft:crafted":{"minecraft:oak_planks":104,"minecraft:crafting_table":2,"minecraft:wooden_pickaxe":1,"minecraft:baked_potato":1,"minecraft:bone_meal":6,"minecraft:stone_axe":1,"minecraft:air":0,"minecraft:stick":20,"minecraft:stone_pickaxe":1,"minecraft:stone_sword":2},"minecraft:broken":{"minecraft:iron_axe":1}},"DataVersion":3953}