{"stats":{"minecraft:used":{"minecraft:red_sand":40,"minecraft:chiseled_tuff":1,"minecraft:diamond_hoe":102,"minecraft:chest":1,"minecraft:shield":78,"minecraft:nether_wart":2,"minecraft:iron_sword":92,"minecraft:rotten_flesh":2,"minecraft:iron_chestplate":2,"minecraft:carrot":32,"minecraft:lava_bucket":2,"minecraft:iron_helmet":3,"minecraft:birch_button":2,"minecraft:bow":2,"minecraft:dark_oak_boat":3,"minecraft:furnace":8,"minecraft:gray_bed":4,"minecraft:potato":1,"minecraft:diorite":2,"minecraft:stone_pickaxe":347,"minecraft:gray_carpet":2,"minecraft:oak_planks":76,"minecraft:wooden_pickaxe":40,"minecraft:leather_chestplate":3,"minecraft:sandstone":1,"minecraft:golden_apple":5,"minecraft:glow_berries":56,"minecraft:sand":35,"minecraft:shears":38,"minecraft:lever":7,"minecraft:bread":6,"minecraft:string":1,"minecraft:gravel":4,"minecraft:diamond_sword":112,"minecraft:fire_charge":1,"minecraft:andesite":13,"minecraft:oak_boat":2,"minecraft:stone_sword":28,"minecraft:flint_and_steel":1,"minecraft:cracked_deepslate_bricks":4,"minecraft:tropical_fish":1,"minecraft:cooked_salmon":1,"minecraft:cooked_chicken":2,"minecraft:stone_hoe":4,"minecraft:trial_key":2,"minecraft:torch":37,"minecraft:dirt":41,"minecraft:granite":48,"minecraft:iron_axe":116,"minecraft:iron_boots":5,"minecraft:basalt":101,"minecraft:golden_carrot":2,"minecraft:beef":1,"minecraft:orange_terracotta":17,"minecraft:cooked_beef":20,"minecraft:cobbled_deepslate":50,"minecraft:cooked_mutton":2,"minecraft:water_bucket":1,"minecraft:baked_potato":6,"minecraft:cut_sandstone":61,"minecraft:cobblestone_slab":2,"minecraft:tnt":10,"minecraft:crafting_table":4,"minecraft:white_bed":11,"minecraft:dark_oak_door":1,"minecraft:oak_log":1,"minecraft:apple":5,"minecraft:ominous_trial_key":2,"minecraft:wind_charge":2,"minecraft:iron_pickaxe":794,"minecraft:stone_axe":6,"minecraft:cobblestone":324,"minecraft:potion":1,"minecraft:porkchop":2,"minecraft:cooked_porkchop":3,"minecraft:bucket":5,"minecraft:gray_wool":29,"minecraft:diamond_leggings":8,"minecraft:soul_torch":18},"minecraft:picked_up":{"minecraft:wooden_axe":2,"minecraft:iron_chestplate":8,"minecraft:diamond_sword":10,"minecraft:oak_stairs":1,"minecraft:potion":2,"minecraft:birch_button":9,"minecraft:string":133,"minecraft:raw_copper":8,"minecraft:cooked_salmon":10,"minecraft:iron_leggings":8,"minecraft:deepslate_tiles":2,"minecraft:diamond_leggings":25,"minecraft:red_sand":649,"minecraft:cobbled_deepslate":356,"minecraft:white_tulip":1,"minecraft:trial_key":8,"minecraft:cobblestone_slab":9,"minecraft:iron_pickaxe":36,"minecraft:iron_boots":11,"minecraft:furnace":25,"minecraft:dark_oak_door":1,"minecraft:tipped_arrow":68,"minecraft:golden_helmet":5,"minecraft:oxidized_copper_trapdoor":5,"minecraft:stick":183,"minecraft:big_dripleaf":1,"minecraft:oak_fence":4,"minecraft:torch":49,"minecraft:porkchop":26,"minecraft:diorite":38,"minecraft:stone_sword":1,"minecraft:rotten_flesh":48,"minecraft:tropical_fish":1,"minecraft:obsidian":1,"minecraft:cobblestone":2353,"minecraft:leather_chestplate":18,"minecraft:dune_armor_trim_smithing_template":64,"minecraft:cooked_beef":28,"minecraft:feather":8,"minecraft:water_bucket":17,"minecraft:andesite":710,"minecraft:dark_oak_boat":12,"minecraft:potato":40,"minecraft:flint":2,"minecraft:tuff":6,"minecraft:dirt":495,"minecraft:bone":358,"minecraft:bow":18,"minecraft:wheat_seeds":15,"minecraft:diamond_helmet":1,"minecraft:stone_hoe":2,"minecraft:oak_planks":248,"minecraft:cooked_porkchop":1,"minecraft:jungle_planks":1,"minecraft:sand":682,"minecraft:dead_bush":8,"minecraft:dark_oak_log":1,"minecraft:chiseled_sandstone":4,"minecraft:diamond":4,"minecraft:lever":11,"minecraft:waxed_oxidized_copper_grate":4,"minecraft:granite":126,"minecraft:breeze_rod":15,"minecraft:golden_apple":22,"minecraft:emerald":76,"minecraft:bread":140,"minecraft:oak_sapling":2,"minecraft:ominous_trial_key":15,"minecraft:diamond_pickaxe":1,"minecraft:crafting_table":17,"minecraft:ominous_bottle":1,"minecraft:chicken":3,"minecraft:nether_wart":2,"minecraft:wooden_pickaxe":4,"minecraft:brick":8,"minecraft:shield":9,"minecraft:iron_axe":28,"minecraft:flint_and_steel":2,"minecraft:iron_shovel":3,"minecraft:beef":377,"minecraft:oak_boat":2,"minecraft:chiseled_tuff":7,"minecraft:sugar_cane":6,"minecraft:diamond_hoe":2,"minecraft:piston":6,"minecraft:egg":3,"minecraft:raw_iron":67,"minecraft:sandstone":9,"minecraft:oak_door":1,"minecraft:fire_charge":1,"minecraft:carrot":106,"minecraft:dark_oak_planks":19,"minecraft:tnt":54,"minecraft:arrow":191,"minecraft:diamond_chestplate":3,"minecraft:nether_bricks":2,"minecraft:deepslate_bricks":4,"minecraft:shears":19,"minecraft:diamond_boots":1,"minecraft:hay_block":25,"minecraft:cracked_deepslate_bricks":4,"minecraft:flow_armor_trim_smithing_template":4,"minecraft:saddle":15,"minecraft:gold_ingot":59,"minecraft:tuff_bricks":4,"minecraft:glow_berries":61,"minecraft:mutton":2,"minecraft:white_wool":3,"minecraft:basalt":137,"minecraft:golden_carrot":3,"minecraft:cut_sandstone":324,"minecraft:leather":69,"minecraft:filled_map":1,"minecraft:birch_planks":4,"minecraft:oak_log":45,"minecraft:waxed_copper_block":2,"minecraft:yellow_bed":1,"minecraft:gunpowder":40,"minecraft:orange_terracotta":315,"minecraft:apple":11,"minecraft:gray_carpet":3,"minecraft:iron_ingot":66,"minecraft:stone_pickaxe":12,"minecraft:cooked_chicken":1,"minecraft:iron_ore":67,"minecraft:glass_bottle":1,"minecraft:gray_bed":5,"minecraft:iron_sword":9,"minecraft:dandelion":2,"minecraft:gravel":8,"minecraft:lava_bucket":3,"minecraft:spruce_sapling":12,"minecraft:white_bed":17,"minecraft:gold_ore":7,"minecraft:polished_tuff":2,"minecraft:spider_eye":1,"minecraft:stone_axe":17,"minecraft:iron_helmet":5,"minecraft:cherry_sapling":10,"minecraft:gray_wool":29,"minecraft:terracotta":7,"minecraft:baked_potato":2,"minecraft:coal":324,"minecraft:chiseled_tuff_bricks":1},"minecraft:dropped":{"minecraft:iron_sword":1,"minecraft:birch_planks":4,"minecraft:cooked_beef":8,"minecraft:glass_bottle":2,"minecraft:crafting_table":1,"minecraft:cooked_porkchop":3,"minecraft:glow_berries":5,"minecraft:leather":10,"minecraft:saddle":1,"minecraft:dirt":4,"minecraft:cut_sandstone":9,"minecraft:sand":28,"minecraft:dark_oak_planks":4,"minecraft:dark_oak_boat":3,"minecraft:white_wool":3,"minecraft:gold_ingot":4,"minecraft:bone":16,"minecraft:gravel":4,"minecraft:stone_axe":2,"minecraft:sugar_cane":3,"minecraft:lever":1,"minecraft:chiseled_tuff_bricks":1,"minecraft:cobbled_deepslate":26,"minecraft:obsidian":1,"minecraft:cherry_sapling":3,"minecraft:rotten_flesh":8,"minecraft:oak_planks":53,"minecraft:white_bed":1,"minecraft:leather_chestplate":3,"minecraft:iron_ore":14,"minecraft:egg":1,"minecraft:stone_hoe":1,"minecraft:iron_ingot":10,"minecraft:wheat_seeds":2,"minecraft:tnt":2,"minecraft:feather":4,"minecraft:oak_fence":1,"minecraft:iron_helmet":1,"minecraft:cobblestone":149,"minecraft:polished_tuff":2,"minecraft:granite":1,"minecraft:ominous_trial_key":1,"minecraft:coal":28,"minecraft:stick":3,"minecraft:diorite":17,"minecraft:wooden_axe":1,"minecraft:iron_leggings":1,"minecraft:dead_bush":4,"minecraft:oak_stairs":1,"minecraft:iron_axe":1,"minecraft:string":3,"minecraft:chiseled_sandstone":2,"minecraft:spruce_sapling":12,"minecraft:dandelion":2,"minecraft:oak_trapdoor":2,"minecraft:stone_sword":1,"minecraft:raw_copper":8,"minecraft:tuff":6,"minecraft:iron_boots":2,"minecraft:shears":1,"minecraft:filled_map":1,"minecraft:big_dripleaf":1,"minecraft:cobblestone_slab":7,"minecraft:shield":1,"minecraft:iron_chestplate":1,"minecraft:andesite":34,"minecraft:oak_sapling":2,"minecraft:oxidized_copper_trapdoor":1,"minecraft:spider_eye":1,"minecraft:sandstone":4,"minecraft:bow":1,"minecraft:stone_pickaxe":1,"minecraft:wooden_pickaxe":1,"minecraft:brick":8},"minecraft:killed":{"minecraft:cave_spider":1,"minecraft:spider":1,"minecraft:skeleton":5,"minecraft:chicken":4,"minecraft:tropical_fish":1,"minecraft:magma_cube":24,"minecraft:pig":5,"minecraft:iron_golem":1,"minecraft:sheep":1,"minecraft:zombie":10,"minecraft:cow":7,"minecraft:armadillo":1,"minecraft:bogged":7,"minecraft:breeze":4,"minecraft:wither_skeleton":1},"minecraft:custom":{"minecraft:interact_with_crafting_table":57,"minecraft:open_barrel":2,"minecraft:leave_game":5,"minecraft:time_since_death":50259,"minecraft:sprint_one_cm":952420,"minecraft:damage_blocked_by_shield":4175,"minecraft:drop":172,"minecraft:play_time":427862,"minecraft:deaths":50,"minecraft:jump":8210,"minecraft:interact_with_brewingstand":2,"minecraft:walk_on_water_one_cm":44425,"minecraft:enchant_item":1,"minecraft:interact_with_furnace":100,"minecraft:sleep_in_bed":28,"minecraft:damage_dealt":9739,"minecraft:player_kills":3,"minecraft:crouch_one_cm":22146,"minecraft:mob_kills":76,"minecraft:interact_with_anvil":1,"minecraft:climb_one_cm":22396,"minecraft:walk_one_cm":931777,"minecraft:sneak_time":9533,"minecraft:walk_under_water_one_cm":67946,"minecraft:boat_one_cm":298705,"minecraft:total_world_time":304820,"minecraft:time_since_rest":21712,"minecraft:damage_taken":18989,"minecraft:damage_absorbed":200,"minecraft:swim_one_cm":174463,"minecraft:fly_one_cm":984748,"minecraft:open_chest":86,"minecraft:fall_one_cm":219425},"minecraft:mined":{"minecraft:dark_oak_planks":7,"minecraft:white_bed":13,"minecraft:cave_vines_plant":2,"minecraft:granite":65,"minecraft:red_sand":18,"minecraft:grass_block":15,"minecraft:deepslate_bricks":4,"minecraft:chiseled_tuff_bricks":1,"minecraft:tuff_bricks":2,"minecraft:iron_ore":58,"minecraft:cobbled_deepslate":11,"minecraft:fire":6,"minecraft:sculk_shrieker":1,"minecraft:cave_vines":2,"minecraft:oak_stairs":1,"minecraft:tripwire":1,"minecraft:cut_sandstone":13,"minecraft:soul_fire":5,"minecraft:orange_terracotta":5,"minecraft:powder_snow":26,"minecraft:torch":1,"minecraft:dead_bush":12,"minecraft:cobblestone":159,"minecraft:sugar_cane":1,"minecraft:oak_planks":23,"minecraft:wall_torch":1,"minecraft:seagrass":1,"minecraft:white_terracotta":1,"minecraft:dark_oak_door":1,"minecraft:tnt":11,"minecraft:oak_log":27,"minecraft:sand":39,"minecraft:birch_button":1,"minecraft:dirt":10,"minecraft:oak_leaves":12,"minecraft:deepslate":71,"minecraft:deepslate_tiles":2,"minecraft:tuff":2,"minecraft:deepslate_diamond_ore":2,"minecraft:dark_oak_log":1,"minecraft:lever":3,"minecraft:jungle_planks":1,"minecraft:spruce_leaves":1,"minecraft:sandstone":1,"minecraft:hay_block":10,"minecraft:furnace":7,"minecraft:carrots":2,"minecraft:andesite":20,"minecraft:chiseled_tuff":1,"minecraft:deepslate_iron_ore":4,"minecraft:stone":479,"minecraft:white_tulip":1,"minecraft:glass_pane":3,"minecraft:soul_torch":1,"minecraft:basalt":104,"minecraft:crafting_table":6,"minecraft:short_grass":3,"minecraft:sculk_sensor":3,"minecraft:cracked_deepslate_bricks":4,"minecraft:sculk":7,"minecraft:diorite":22,"minecraft:gray_wool":29,"minecraft:gray_bed":2,"minecraft:yellow_bed":1,"minecraft:coal_ore":77,"minecraft:gravel":9,"minecraft:gray_carpet":3,"minecraft:cobweb":6,"minecraft:terracotta":6,"minecraft:gold_ore":5},"minecraft:killed_by":{"minecraft:wither_skeleton":7,"minecraft:creeper":2,"minecraft:drowned":1,"minecraft:magma_cube":1,"minecraft:bogged":12,"minecraft:blaze":1,"minecraft:zombie":3,"minecraft:player":3,"minecraft:skeleton":2},"minecraft:crafted":{"minecraft:oak_planks":104,"minecraft:cooked_chicken":1,"minecraft:cooked_mutton":2,"minecraft:iron_boots":3,"minecraft:chest":1,"minecraft:cooked_porkchop":5,"minecraft:crafting_table":2,"minecraft:iron_helmet":2,"minecraft:baked_potato":4,"minecraft:iron_chestplate":2,"minecraft:shield":3,"minecraft:stick":32,"minecraft:leather_chestplate":1,"minecraft:iron_ingot":69,"minecraft:iron_pickaxe":2,"minecraft:stone_sword":1,"minecraft:gold_ingot":14,"minecraft:wind_charge":8,"minecraft:furnace":3,"minecraft:oak_trapdoor":2,"minecraft:flint_and_steel":1,"minecraft:stone_pickaxe":3,"minecraft:dark_oak_planks":4,"minecraft:golden_helmet":2,"minecraft:cooked_beef":28,"minecraft:diamond_sword":2,"minecraft:iron_sword":2,"minecraft:bucket":2,"minecraft:stone_axe":1,"minecraft:air":0,"minecraft:iron_leggings":1,"minecraft:torch":48},"minecraft:broken":{"minecraft:stone_pickaxe":2,"minecraft:wooden_pickaxe":1,"minecraft:shield":1,"minecraft:iron_pickaxe":2}},"DataVersion":3953}